<property>
<name>yarn.nodemanager.container-executor.class</name>
<value>org.apache.hadoop.yarn.server.nodemanager.LinuxContainerExecutor</value>
</property>
<property>
<name>yarn.nodemanager.linux-container-executor.nonsecure-mode.local-user</name>
<value>yarn</value>
</property>
<property>
<name>yarn.nodemanager.linux-container-executor.nonsecure-mode.limit-users</name>
<value>false</value>
</property>
<property>
<name>yarn.nodemanager.local-dirs</name>
<value>/tmp2/yarn/local</value>
</property>
<property>
<name>yarn.nodemanager.log-dirs</name>
<value>/tmp2/yarn/log</value>
</property>
<property>
<name>yarn.timeline-service.leveldb-state-store.path</name>
<value>/tmp2/yarn/timeline</value>
</property>
<property>
<name>yarn.timeline-service.leveldb-timeline-store.path</name>
<value>/tmp2/yarn/timeline</value>
</property>